x,cancer_type,y
-31.467056,TCGA-OV,4.8438663
-31.916178,TCGA-OV,5.20207
-31.80792,TCGA-OV,6.3173037
-28.506878,TCGA-OV,3.6556008
-30.328066,TCGA-OV,7.9514236
-11.949124,TCGA-OV,17.232924
-29.014404,TCGA-OV,8.686697
-27.33436,TCGA-OV,3.5047247
-27.8866,TCGA-OV,2.745645
-33.33139,TCGA-OV,-5.577888
-16.858255,TCGA-OV,21.408503
-20.92955,TCGA-OV,-2.5892606
-9.73922,TCGA-OV,27.08839
-31.195324,TCGA-OV,7.6808443
-31.474949,TCGA-OV,6.630748
-30.854147,TCGA-OV,8.003072
-11.107272,TCGA-OV,20.284178
-30.761272,TCGA-OV,6.410975
-29.4427,TCGA-OV,5.9245195
-28.78287,TCGA-OV,5.4596786
-16.524189,TCGA-OV,35.304466
-25.582277,TCGA-OV,8.629826
-28.518589,TCGA-OV,6.4095197
-23.273695,TCGA-OV,26.665676
-25.524218,TCGA-OV,8.679618
-25.788774,TCGA-OV,8.435578
-39.19104,TCGA-OV,-2.34595
-38.215797,TCGA-OV,-4.236232
-38.14452,TCGA-OV,-3.6253572
-37.752502,TCGA-OV,-3.400911
-37.46299,TCGA-OV,-3.843287
-35.654984,TCGA-OV,-1.8915458
-38.756737,TCGA-OV,1.4950674
-36.817253,TCGA-OV,-3.4634168
-36.36307,TCGA-OV,-0.77113605
-36.087807,TCGA-OV,0.40676376
-39.860466,TCGA-OV,-0.20565872
-36.826942,TCGA-OV,-2.0169582
-36.16218,TCGA-OV,-5.3742476
-33.447945,TCGA-OV,-2.2773387
-34.034023,TCGA-OV,-2.587668
-34.375065,TCGA-OV,0.46344128
-34.573994,TCGA-OV,-3.909297
-33.856026,TCGA-OV,-0.39046738
-33.87784,TCGA-OV,-1.2670745
-32.84248,TCGA-OV,-2.8021076
-36.606647,TCGA-OV,-5.1431375
-37.0227,TCGA-OV,0.57048416
-37.143,TCGA-OV,-1.1728988
-38.709793,TCGA-OV,-1.0490355
-38.605465,TCGA-OV,-1.3907257
-38.965324,TCGA-OV,0.30925202
-37.491753,TCGA-OV,0.3598115
-38.143864,TCGA-OV,-0.5650606
-37.644753,TCGA-OV,-1.0968677
-40.613495,TCGA-OV,-1.7364913
-36.605984,TCGA-OV,-1.2660267
-36.945457,TCGA-OV,-0.39753437
-37.69789,TCGA-OV,-2.334071
-37.344982,TCGA-OV,-0.32376975
-36.526886,TCGA-OV,0.08661906
-35.760635,TCGA-OV,-0.38116232
-38.143013,TCGA-OV,0.25849116
-36.44107,TCGA-OV,2.2516513
33.612995,TCGA-OV,-19.695955
-36.39119,TCGA-OV,1.1161058
-37.724342,TCGA-OV,2.8081865
-37.417175,TCGA-OV,1.6557606
-32.20718,TCGA-OV,-2.1504045
-8.828227,TCGA-OV,9.912573
-7.244017,TCGA-OV,33.55356
-28.606403,TCGA-OV,4.2159233
-32.077915,TCGA-OV,-0.006549482
-29.761389,TCGA-OV,-2.83284
-29.219936,TCGA-OV,3.331138
-28.23643,TCGA-OV,-4.4792676
-28.60576,TCGA-OV,8.599899
-32.240093,TCGA-OV,2.230236
-31.192196,TCGA-OV,-0.28311563
-31.015625,TCGA-OV,0.6676624
-31.079594,TCGA-OV,4.186316
-38.304302,TCGA-OV,-10.753199
-36.2685,TCGA-OV,-12.246913
-34.827534,TCGA-OV,-9.586273
-37.469604,TCGA-OV,-11.142471
-39.52049,TCGA-OV,-9.919806
-39.100082,TCGA-OV,-10.716391
-35.764214,TCGA-OV,-12.58
-37.580856,TCGA-OV,-11.188791
-41.297432,TCGA-OV,-10.936436
-39.1086,TCGA-OV,-10.497114
-35.561497,TCGA-OV,-11.870639
-36.87925,TCGA-OV,-12.446715
-37.271313,TCGA-OV,-12.467503
-27.04792,TCGA-OV,-14.421266
-38.083977,TCGA-OV,-9.191586
-36.838917,TCGA-OV,-8.811431
-38.057945,TCGA-OV,-8.153698
-25.23695,TCGA-OV,-13.082719
-38.26015,TCGA-OV,-9.203125
-38.89247,TCGA-OV,-9.318303
-36.38384,TCGA-OV,-9.233315
-36.79383,TCGA-OV,-13.563126
-35.086205,TCGA-OV,-12.028875
-27.74454,TCGA-OV,-14.750562
-27.548317,TCGA-OV,-14.749009
-35.668327,TCGA-OV,-10.826107
-37.33381,TCGA-OV,-10.234738
-36.045124,TCGA-OV,-10.393836
-36.420937,TCGA-OV,-10.537227
-37.067043,TCGA-OV,-10.448373
-41.295403,TCGA-OV,-10.942417
-29.374931,TCGA-OV,3.288154
3.425856,TCGA-LUSC,23.28452
-3.9200783,TCGA-LUSC,31.688885
-26.210846,TCGA-LUSC,-0.28716686
-29.06243,TCGA-LUSC,-6.888701
-26.190464,TCGA-LUSC,-0.28091693
-27.130682,TCGA-LUSC,-0.042065367
-27.338583,TCGA-LUSC,-0.0038239516
-15.925859,TCGA-LUSC,1.9172996
-1.3676099,TCGA-LUSC,-7.7785788
-12.523662,TCGA-LUSC,-4.960895
7.996407,TCGA-LUSC,22.04722
6.612108,TCGA-LUSC,21.873726
6.362353,TCGA-LUSC,21.713493
21.400394,TCGA-LUSC,-13.730875
-1.5195105,TCGA-LUAD,26.65391
-0.32361525,TCGA-LUAD,27.947945
8.338676,TCGA-LUAD,24.35953
2.0675576,TCGA-LUAD,22.813915
4.8381476,TCGA-LUAD,4.2984824
1.7565776,TCGA-LUAD,-16.519083
26.851183,TCGA-BLCA,-19.088148
19.172094,TCGA-BLCA,-23.861506
20.349344,TCGA-BLCA,-24.749088
28.202347,TCGA-BLCA,-25.534403
18.201988,TCGA-BLCA,-22.88051
21.926847,TCGA-BLCA,-25.572731
19.38432,TCGA-BLCA,-24.290115
21.481375,TCGA-BLCA,-25.004694
23.217718,TCGA-BLCA,-27.78346
20.48213,TCGA-BLCA,-25.424124
27.086735,TCGA-BLCA,-25.22736
21.020702,TCGA-BLCA,-24.838139
22.556696,TCGA-BLCA,-25.110338
10.646862,TCGA-LUAD,1.5576389
10.962011,TCGA-LUAD,1.032902
33.06956,TCGA-LUAD,-15.923639
33.100945,TCGA-LUAD,-15.146101
11.241903,TCGA-LUAD,0.6635752
21.490314,TCGA-LUAD,8.032284
33.10948,TCGA-LUAD,-14.944682
-2.6314552,TCGA-LUAD,32.795094
32.74357,TCGA-LUAD,-15.853313
29.482218,TCGA-LUAD,-17.265213
23.617779,TCGA-LUAD,9.817594
8.633799,TCGA-LUAD,25.132624
4.560318,TCGA-LUAD,23.939074
9.946567,TCGA-LUAD,27.200308
4.1677923,TCGA-LUAD,23.788973
4.540537,TCGA-LUAD,23.960268
9.221845,TCGA-LUAD,26.832466
9.254285,TCGA-LUAD,26.725183
23.011255,TCGA-LUAD,6.281104
10.096315,TCGA-LUAD,27.943598
6.919083,TCGA-LUSC,23.155895
-6.7377114,TCGA-LUSC,35.931458
0.6915006,TCGA-LUSC,26.952188
1.0021397,TCGA-LUSC,21.24202
-0.8898999,TCGA-LUSC,22.73631
2.4614956,TCGA-LUSC,20.377693
-0.6923861,TCGA-LUSC,20.527546
2.4647458,TCGA-LUSC,19.997738
4.0229278,TCGA-LUSC,20.535412
0.88720584,TCGA-LUSC,19.2776
-0.26366052,TCGA-LUSC,22.12117
-0.13028462,TCGA-LUSC,20.919968
1.651792,TCGA-LUSC,19.939304
-2.3307524,TCGA-LUSC,21.039047
-0.34267077,TCGA-LUSC,20.00922
-17.71605,TCGA-LUSC,32.370068
1.8843378,TCGA-LUSC,21.754164
-19.821753,TCGA-OV,21.83809
-21.856924,TCGA-OV,23.989428
-21.32194,TCGA-OV,23.857252
-19.029348,TCGA-OV,25.68949
-18.988832,TCGA-OV,23.300241
-18.53812,TCGA-OV,24.76226
-19.11736,TCGA-OV,21.997524
-20.267096,TCGA-OV,24.075102
-19.737757,TCGA-OV,22.152206
-20.535612,TCGA-OV,23.506666
-19.862617,TCGA-OV,23.378283
-5.1463566,TCGA-OV,34.51313
-30.09047,TCGA-OV,10.879245
-19.339882,TCGA-OV,24.208458
-30.01237,TCGA-OV,-3.2436135
-19.60566,TCGA-OV,20.256573
-16.369608,TCGA-OV,24.412788
-30.77353,TCGA-OV,10.136768
-31.11096,TCGA-OV,9.722429
-16.880325,TCGA-OV,22.70678
-31.047611,TCGA-OV,9.593452
-16.166756,TCGA-OV,24.723307
-16.926413,TCGA-OV,22.145994
-16.729443,TCGA-OV,23.282907
-15.524447,TCGA-OV,21.26777
-34.68251,TCGA-OV,2.3934045
4.892559,TCGA-LUSC,17.897732
4.943844,TCGA-LUSC,17.91757
-28.028633,TCGA-LUSC,-6.7450905
-27.875301,TCGA-LUSC,-5.653192
-13.524935,TCGA-LUSC,-3.8702066
-5.699905,TCGA-BRCA,-5.582749
4.664064,TCGA-BRCA,-14.612096
-0.30293506,TCGA-BRCA,-13.411254
8.597248,TCGA-BRCA,-5.5778303
-0.42627802,TCGA-BRCA,-13.447876
0.9484795,TCGA-BRCA,-11.407914
0.4717195,TCGA-BRCA,-11.742018
0.22194093,TCGA-BRCA,-13.269438
3.6759953,TCGA-BRCA,-13.080843
0.927434,TCGA-BRCA,-13.943837
17.725206,TCGA-BRCA,26.868647
21.89643,TCGA-BRCA,21.534063
-7.7760425,TCGA-BRCA,-20.801876
-9.802367,TCGA-BRCA,-21.777657
11.375455,TCGA-BRCA,-11.98296
6.2182693,TCGA-BRCA,-11.144265
5.141538,TCGA-BRCA,-9.814948
6.704837,TCGA-BRCA,-10.62932
5.364384,TCGA-BRCA,-10.265075
5.421438,TCGA-BRCA,-10.68341
4.9647694,TCGA-BRCA,-10.276154
3.4526882,TCGA-BRCA,-11.198105
4.0592656,TCGA-BRCA,-10.7525015
5.710151,TCGA-BRCA,-10.235306
16.61639,TCGA-COAD,-4.0225844
4.5426536,TCGA-KIRC,35.95403
4.1421056,TCGA-KIRC,29.744495
3.9751139,TCGA-KIRC,29.60382
2.7893193,TCGA-KIRC,27.892962
5.871689,TCGA-KIRC,39.424706
6.588558,TCGA-KIRC,39.84918
5.961015,TCGA-KIRC,36.67281
6.6002035,TCGA-KIRC,34.558426
5.546151,TCGA-KIRC,34.492447
5.9989705,TCGA-KIRC,38.412056
6.070415,TCGA-KIRC,38.183655
6.2367544,TCGA-KIRC,40.138477
6.429385,TCGA-KIRC,40.064037
-14.47861,TCGA-KIRC,22.772524
3.1053243,TCGA-KIRC,29.02241
6.0370216,TCGA-KIRC,32.23492
4.8259006,TCGA-KIRC,35.91431
4.904592,TCGA-KIRC,30.709558
6.347026,TCGA-KIRC,36.18733
6.2386823,TCGA-KIRC,31.385386
2.7138326,TCGA-KIRC,33.769295
6.8171124,TCGA-KIRC,-0.56121725
5.930705,TCGA-KIRC,28.662836
5.2941885,TCGA-KIRC,28.001102
6.8238807,TCGA-KIRC,-1.6283742
1.4701474,TCGA-KIRC,31.671318
5.2594194,TCGA-KIRC,28.748844
5.1467915,TCGA-KIRC,27.21684
2.2658632,TCGA-KIRC,33.37873
7.050422,TCGA-KIRC,29.755886
6.2502913,TCGA-KIRC,28.392963
6.443552,TCGA-KIRC,28.11987
1.6925896,TCGA-KIRC,32.785797
0.083191976,TCGA-KIRC,30.04995
-3.6376936,TCGA-KIRC,-0.84556407
-0.020275991,TCGA-KIRC,31.212467
7.141778,TCGA-KIRC,1.7439742
0.23700301,TCGA-KIRC,30.53551
0.8160052,TCGA-KIRC,30.33677
-6.010095,TCGA-KIRC,11.761519
5.36395,TCGA-KIRC,12.393159
-5.4999056,TCGA-KIRC,-1.233057
-14.321886,TCGA-KIRC,5.85609
-4.2016606,TCGA-KIRC,-0.7318363
6.646856,TCGA-KIRC,2.647065
-4.392651,TCGA-KIRC,-0.3779004
6.9058623,TCGA-KIRC,3.2615793
7.0601177,TCGA-KIRC,0.83012927
6.532837,TCGA-KIRC,0.19531447
-5.500555,TCGA-KIRC,-1.2017553
5.504158,TCGA-KIRC,11.375556
5.9681506,TCGA-KIRC,11.131241
6.027348,TCGA-KIRC,2.2742777
5.5410986,TCGA-KIRC,11.154881
5.986018,TCGA-KIRC,11.694374
8.305378,TCGA-KIRC,1.3874322
-15.385898,TCGA-KIRC,-13.526784
16.409088,TCGA-KIRC,-2.9205828
16.557987,TCGA-KIRC,-2.0906334
16.379395,TCGA-KIRC,-3.1892664
8.910244,TCGA-KIRP,23.79089
6.242093,TCGA-KIRP,4.047611
4.419588,TCGA-KIRP,15.183779
4.3544464,TCGA-KIRP,15.30755
4.6903467,TCGA-KIRP,14.790441
29.629803,TCGA-KIRP,-17.27795
6.78968,TCGA-KIRP,0.7795192
-3.7611642,TCGA-KIRP,-0.8194632
-15.790262,TCGA-KIRP,-32.02078
30.504015,TCGA-KIRP,-23.273388
-5.407864,TCGA-LIHC,-22.124264
27.727621,TCGA-LIHC,9.273075
27.623205,TCGA-LIHC,10.249885
9.869831,TCGA-LIHC,20.221004
10.444364,TCGA-LIHC,21.31406
16.926208,TCGA-LIHC,13.902414
9.383751,TCGA-LIHC,18.573076
10.718837,TCGA-LIHC,20.457922
6.930089,TCGA-LIHC,-8.505146
-15.639097,TCGA-LIHC,-14.6617565
9.148568,TCGA-LIHC,-5.549281
14.792913,TCGA-LIHC,-23.788715
12.797773,TCGA-LIHC,-20.163982
12.796291,TCGA-LIHC,-20.192974
-7.6017127,TCGA-BRCA,-22.001513
18.743559,TCGA-BRCA,23.369148
2.2002394,TCGA-BRCA,-8.340689
19.34321,TCGA-BRCA,24.803598
27.718182,TCGA-BRCA,8.948026
1.3902646,TCGA-BRCA,-9.050052
1.5140104,TCGA-BRCA,-10.559416
21.332499,TCGA-BRCA,24.515142
18.815851,TCGA-BRCA,26.055655
19.754261,TCGA-BRCA,23.793541
18.99711,TCGA-BRCA,24.348522
20.472242,TCGA-BRCA,24.79473
20.563221,TCGA-BRCA,21.415617
20.70915,TCGA-BRCA,22.029408
19.839983,TCGA-BRCA,22.949076
20.22927,TCGA-BRCA,21.722368
22.506384,TCGA-BRCA,24.40008
20.33517,TCGA-BRCA,23.42456
27.493633,TCGA-BRCA,10.41652
0.527724,TCGA-BRCA,-9.805675
21.426603,TCGA-BRCA,23.468388
26.570765,TCGA-BRCA,10.399164
21.013308,TCGA-BRCA,23.738531
0.3533848,TCGA-BRCA,-9.447933
-0.007958649,TCGA-BRCA,-9.29252
-8.22816,TCGA-BRCA,-23.092573
-7.499096,TCGA-BRCA,-27.324005
-7.2181954,TCGA-BRCA,-21.601929
19.630507,TCGA-BRCA,25.833729
18.450768,TCGA-BRCA,25.647398
0.5708253,TCGA-BRCA,-10.191629
19.245438,TCGA-BRCA,26.773365
20.226084,TCGA-BRCA,25.875656
18.276827,TCGA-BRCA,24.260605
-2.6102526,TCGA-BRCA,-16.112715
-4.29435,TCGA-BRCA,-18.322842
-8.09776,TCGA-BRCA,-22.902275
-7.3032594,TCGA-BRCA,6.420589
-6.3290763,TCGA-BRCA,-21.254408
2.3720338,TCGA-BRCA,-11.883258
15.308556,TCGA-BRCA,12.467857
6.7768245,TCGA-BRCA,-15.971318
14.227035,TCGA-BRCA,-17.521437
6.130909,TCGA-BRCA,-15.849999
5.231378,TCGA-BRCA,-15.069727
6.9521627,TCGA-BRCA,-16.531397
-2.4434175,TCGA-READ,-4.4249763
-8.387325,TCGA-KIRC,36.942146
-12.092845,TCGA-KIRC,28.231901
-10.5717125,TCGA-KIRC,42.069504
-8.295511,TCGA-KIRC,31.837372
-9.668173,TCGA-KIRC,39.907932
-10.418423,TCGA-KIRC,41.046204
-13.99777,TCGA-KIRC,44.323864
-13.7217045,TCGA-KIRC,29.908722
-11.940142,TCGA-KIRC,42.787487
-11.589028,TCGA-KIRC,29.62517
-7.6011167,TCGA-KIRC,36.176666
-10.383774,TCGA-KIRC,33.493736
-12.066668,TCGA-KIRC,28.349974
-14.03516,TCGA-KIRC,30.134878
-10.2150955,TCGA-KIRC,30.280987
-10.6814165,TCGA-KIRC,28.18409
-11.316667,TCGA-KIRC,40.671257
-13.662017,TCGA-KIRC,29.04113
-11.824782,TCGA-KIRC,33.509647
-15.373777,TCGA-KIRC,41.99831
-12.019682,TCGA-KIRC,35.71233
-6.5911803,TCGA-KIRC,36.947586
-17.984344,TCGA-KIRC,37.969074
-6.4754004,TCGA-KIRC,29.114464
-10.065123,TCGA-KIRC,30.227777
-19.634338,TCGA-KIRC,39.81461
-19.61934,TCGA-KIRC,40.040165
-11.921337,TCGA-KIRC,42.688297
-7.6483717,TCGA-KIRC,12.272305
-11.70894,TCGA-KIRC,41.28541
-6.0386853,TCGA-KIRC,27.81932
-19.053452,TCGA-KIRC,33.768837
-15.826018,TCGA-KIRC,35.15101
-11.9538555,TCGA-KIRC,42.06739
-18.572262,TCGA-KIRC,38.896896
-9.472602,TCGA-KIRC,36.747173
-5.5425105,TCGA-KIRC,28.734377
-13.307615,TCGA-KIRC,40.265522
-10.416164,TCGA-KIRC,31.6949
-13.280992,TCGA-KIRC,36.79052
-16.923325,TCGA-KIRC,39.05935
-5.67267,TCGA-KIRC,29.934519
-8.089029,TCGA-KIRC,11.073632
-19.439276,TCGA-KIRC,38.094242
-17.962479,TCGA-KIRC,40.296543
-12.533693,TCGA-KIRC,39.736916
-17.763496,TCGA-KIRC,37.38299
-17.124989,TCGA-KIRC,39.6971
-11.00406,TCGA-KIRC,35.03342
-12.22646,TCGA-KIRC,39.30723
-17.804579,TCGA-KIRC,34.248215
-7.4673476,TCGA-KIRC,13.348817
-13.572718,TCGA-KIRC,31.82377
-9.154327,TCGA-KIRC,33.24935
-12.804644,TCGA-KIRC,31.824818
-11.411613,TCGA-KIRC,31.320131
-16.551933,TCGA-KIRC,41.756844
-19.320168,TCGA-KIRC,34.547546
-10.871246,TCGA-KIRC,38.69822
-16.310558,TCGA-KIRC,39.51775
-9.480988,TCGA-KIRC,35.469746
-16.065773,TCGA-KIRC,40.17429
-16.688425,TCGA-KIRC,33.444412
-15.145072,TCGA-KIRC,31.86973
-11.278101,TCGA-KIRC,30.887985
-14.769611,TCGA-KIRC,30.626913
-9.255213,TCGA-KIRC,38.225212
-15.331708,TCGA-KIRC,33.434677
-15.174555,TCGA-KIRC,38.649452
-13.590758,TCGA-KIRC,36.76306
-16.233273,TCGA-KIRC,37.468388
-14.909947,TCGA-KIRC,40.17726
-13.560396,TCGA-KIRC,34.11624
-19.666815,TCGA-KIRC,37.43923
-14.450298,TCGA-KIRC,37.173527
-6.8890076,TCGA-KIRC,28.228374
-1.9307643,TCGA-KIRC,19.487309
-10.297336,TCGA-KIRC,33.747276
-11.791004,TCGA-KIRC,36.740482
-13.373542,TCGA-KIRC,37.801907
-13.497198,TCGA-KIRC,32.906513
-13.821134,TCGA-KIRC,35.702736
-11.150147,TCGA-KIRC,32.644108
-14.530437,TCGA-KIRC,35.742775
-15.196357,TCGA-KIRC,39.46578
-11.565058,TCGA-KIRC,38.26241
-15.454588,TCGA-KIRC,42.792797
-12.585895,TCGA-KIRC,37.861168
-13.083911,TCGA-KIRC,34.312157
-15.358698,TCGA-KIRC,39.431404
-15.273926,TCGA-KIRC,36.411106
-13.975439,TCGA-KIRC,38.570847
-15.164084,TCGA-KIRC,34.007427
-10.984447,TCGA-KIRC,36.661755
-15.621551,TCGA-KIRC,38.234962
-12.2192135,TCGA-KIRC,37.48647
-13.424359,TCGA-KIRC,41.134567
-11.99774,TCGA-KIRC,32.36474
-13.012126,TCGA-KIRC,33.03272
-15.150324,TCGA-KIRC,35.75392
-14.9038315,TCGA-KIRC,32.841404
-15.262024,TCGA-KIRC,41.457127
-0.6147379,TCGA-KIRC,46.292397
-2.6794882,TCGA-KIRC,28.648579
0.11960161,TCGA-KIRC,40.920532
1.0894843,TCGA-KIRC,39.81449
-2.3192594,TCGA-KIRC,46.744225
0.78764826,TCGA-KIRC,39.980934
2.1253455,TCGA-KIRC,45.022503
-2.4607239,TCGA-KIRC,43.434
-4.612492,TCGA-KIRC,45.48221
-1.8511424,TCGA-KIRC,45.666714
-3.7020648,TCGA-KIRC,45.11299
-3.8408866,TCGA-KIRC,44.63649
-5.0209293,TCGA-KIRC,43.91834
-3.810469,TCGA-KIRC,45.595703
-2.6609821,TCGA-KIRC,42.828274
-3.7681322,TCGA-KIRC,44.240715
-8.559748,TCGA-KIRC,46.1075
-1.4351512,TCGA-KIRC,42.952545
-0.9563391,TCGA-KIRC,43.62563
-19.822422,TCGA-KIRC,33.13516
-3.2833471,TCGA-KIRC,42.610664
-1.893355,TCGA-KIRC,44.530552
-6.3393974,TCGA-KIRC,43.917435
-9.312519,TCGA-KIRC,30.512083
-0.9813513,TCGA-KIRC,45.025517
-2.5586824,TCGA-KIRC,44.873478
-3.060293,TCGA-KIRC,45.004765
-19.8709,TCGA-KIRC,30.362356
-2.1247723,TCGA-KIRC,45.076557
1.1596401,TCGA-KIRC,44.13601
-3.5220163,TCGA-KIRC,45.597477
-8.240671,TCGA-KIRC,45.916546
0.93788904,TCGA-KIRC,44.017548
-2.1389048,TCGA-KIRC,43.697075
-7.3569026,TCGA-KIRC,44.89713
-7.794143,TCGA-KIRC,45.504868
-5.7291517,TCGA-KIRC,41.4007
28.951445,TCGA-KIRC,14.053132
-1.8404933,TCGA-KIRC,40.144085
-0.7330691,TCGA-KIRC,41.673645
29.523796,TCGA-KIRC,11.350699
-3.158003,TCGA-KIRC,27.012957
29.059805,TCGA-KIRC,11.64783
-2.7390668,TCGA-KIRC,28.60873
-3.4579546,TCGA-KIRC,41.27062
-0.9331274,TCGA-KIRC,39.42094
-0.9976032,TCGA-KIRC,39.42715
-0.42397025,TCGA-KIRC,34.98245
-0.6258593,TCGA-KIRC,34.10908
-0.7365011,TCGA-KIRC,34.09789
-0.5966556,TCGA-KIRC,36.61964
-0.107151784,TCGA-KIRC,36.105015
27.93046,TCGA-COAD,7.6396375
9.761697,TCGA-COAD,3.3104033
9.899725,TCGA-COAD,3.4976516
6.691537,TCGA-COAD,5.129402
-11.096312,TCGA-READ,17.19839
4.7302284,TCGA-READ,1.5607371
-10.92863,TCGA-BLCA,-22.116854
22.121347,TCGA-BLCA,26.742828
20.87928,TCGA-BLCA,-18.205452
-23.869408,TCGA-BLCA,-31.89734
14.351908,TCGA-BLCA,-23.285505
22.747498,TCGA-BLCA,-11.734291
11.4606495,TCGA-KIRC,33.218628
11.4115505,TCGA-KIRC,34.83012
11.42775,TCGA-KIRC,34.89699
10.872495,TCGA-KIRC,32.173927
11.02715,TCGA-KIRC,32.23641
9.434989,TCGA-KIRC,32.891388
10.068431,TCGA-KIRC,37.636566
10.062718,TCGA-KIRC,37.57962
9.595576,TCGA-KIRC,35.52393
-0.67611796,TCGA-KIRC,32.0395
8.542532,TCGA-KIRC,33.848057
9.365343,TCGA-KIRC,32.884174
10.006114,TCGA-KIRC,35.77605
10.267525,TCGA-KIRC,38.0329
28.554028,TCGA-KIRC,13.299929
8.48226,TCGA-KIRC,33.96429
-9.194073,TCGA-KIRC,24.812214
-7.396798,TCGA-KIRC,13.437459
-18.192112,TCGA-KIRC,35.373554
-16.684267,TCGA-KIRC,30.981277
-12.012993,TCGA-KIRC,30.918173
-13.156804,TCGA-KIRC,30.692114
-6.4525023,TCGA-KIRC,25.829355
-6.8399153,TCGA-KIRC,24.814175
-6.304201,TCGA-KIRC,11.474166
-6.686019,TCGA-KIRC,25.528677
-1.6388485,TCGA-KIRC,31.138233
-10.872645,TCGA-KIRC,20.204473
-7.5977864,TCGA-KIRC,23.448141
-5.4657383,TCGA-KIRC,25.993673
-7.878587,TCGA-KIRC,24.871475
-5.871244,TCGA-KIRC,25.40153
-4.32093,TCGA-KIRC,30.31854
-5.2186513,TCGA-KIRC,27.11124
-3.791124,TCGA-KIRC,24.901842
-3.6833196,TCGA-KIRC,25.575525
-2.4812062,TCGA-KIRC,24.863562
-3.7045317,TCGA-KIRC,24.787613
-3.359197,TCGA-KIRC,26.057587
-14.105402,TCGA-UCEC,-13.679031
-14.374386,TCGA-UCEC,-18.881182
-12.958108,TCGA-UCEC,-13.479724
-13.871078,TCGA-UCEC,-14.733882
-9.993938,TCGA-UCEC,-11.3845
-12.831276,TCGA-UCEC,-13.196754
-8.801545,TCGA-UCEC,-16.72448
-13.532017,TCGA-UCEC,-16.064003
-13.074141,TCGA-UCEC,-16.271269
-7.945426,TCGA-UCEC,-16.66487
-13.584042,TCGA-UCEC,-15.819188
-11.679514,TCGA-UCEC,-15.490069
-8.163047,TCGA-UCEC,-14.109138
-10.970295,TCGA-UCEC,-17.282822
-10.845024,TCGA-UCEC,-16.67065
-7.538352,TCGA-UCEC,-13.05229
-11.512525,TCGA-UCEC,-16.245134
-7.586919,TCGA-UCEC,-11.970507
-10.378444,TCGA-UCEC,-18.48098
-7.2075,TCGA-UCEC,-16.273674
-9.886616,TCGA-UCEC,-16.318636
-6.694968,TCGA-UCEC,-11.596431
-6.3642106,TCGA-UCEC,-15.343669
-6.786494,TCGA-UCEC,-12.518868
-6.413347,TCGA-UCEC,-16.899221
-6.511421,TCGA-UCEC,-10.802909
-10.364689,TCGA-UCEC,-15.726383
-8.535298,TCGA-UCEC,-20.074646
-6.075179,TCGA-UCEC,-17.111874
-8.717153,TCGA-UCEC,-11.155068
-8.664652,TCGA-UCEC,-10.9458065
-9.402483,TCGA-UCEC,-11.3351755
-7.3863344,TCGA-UCEC,-10.962732
-3.5561743,TCGA-UCEC,-12.173322
-6.723154,TCGA-UCEC,-15.038307
-8.366056,TCGA-UCEC,-9.850455
-11.714954,TCGA-UCEC,-14.35112
28.128256,TCGA-UCEC,-12.451901
-6.2043185,TCGA-UCEC,-13.3704405
-5.610235,TCGA-UCEC,-13.137042
-11.37887,TCGA-UCEC,-13.434138
-6.1458697,TCGA-UCEC,-15.262105
-6.755712,TCGA-UCEC,-10.087343
-11.372324,TCGA-UCEC,-13.326462
-6.5267386,TCGA-UCEC,-17.1425
-5.52371,TCGA-UCEC,-12.799693
-10.079294,TCGA-UCEC,-18.525808
-11.969502,TCGA-UCEC,-17.524143
19.890379,TCGA-LIHC,17.731993
23.264238,TCGA-LIHC,16.466589
19.57278,TCGA-LIHC,19.204159
14.58767,TCGA-LIHC,9.733886
23.939148,TCGA-LIHC,19.678202
19.853277,TCGA-LIHC,17.768726
22.356358,TCGA-LIHC,17.840563
15.915544,TCGA-LIHC,17.87153
22.740498,TCGA-LIHC,18.29891
20.01632,TCGA-LIHC,14.195587
25.968483,TCGA-LIHC,19.16207
16.306013,TCGA-LIHC,-16.889904
20.978706,TCGA-LIHC,19.101286
25.122507,TCGA-LIHC,19.905773
23.015318,TCGA-LIHC,19.019476
17.54047,TCGA-LIHC,13.090747
19.803658,TCGA-LIHC,18.816845
21.345787,TCGA-LIHC,15.053272
21.80417,TCGA-LIHC,17.215364
26.085587,TCGA-LIHC,19.110653
17.419544,TCGA-LIHC,13.323652
-5.1482496,TCGA-LIHC,-23.033741
20.291565,TCGA-LIHC,16.74097
-16.513218,TCGA-LIHC,12.85265
12.512033,TCGA-LIHC,18.553434
10.424795,TCGA-LIHC,16.390984
11.9501705,TCGA-LIHC,16.983606
11.8637,TCGA-LIHC,18.0666
-16.51236,TCGA-LIHC,12.848867
12.604475,TCGA-LIHC,18.497688
10.361363,TCGA-LIHC,16.165432
12.128543,TCGA-LIHC,16.608875
11.506427,TCGA-LIHC,16.50082
13.436923,TCGA-LIHC,13.422312
13.86646,TCGA-LIHC,13.720192
12.490139,TCGA-LIHC,16.303587
14.236166,TCGA-LIHC,13.310843
21.175508,TCGA-LIHC,-23.036814
21.139585,TCGA-LIHC,10.076423
21.80713,TCGA-LIHC,11.17225
21.282219,TCGA-LIHC,11.3727665
21.909225,TCGA-LIHC,10.998119
22.462973,TCGA-LIHC,12.453022
13.512563,TCGA-LIHC,16.587404
22.911545,TCGA-LIHC,14.404922
20.262918,TCGA-LIHC,12.1409235
20.68663,TCGA-LIHC,12.519359
21.749708,TCGA-LIHC,12.385389
21.828068,TCGA-LIHC,12.716398
22.43987,TCGA-LIHC,11.938321
18.471981,TCGA-LIHC,12.700919
-3.819248,TCGA-THCA,-20.11502
-3.9291024,TCGA-THCA,-19.87672
-3.6829712,TCGA-THCA,-21.09064
8.830468,TCGA-THCA,29.657368
-9.130689,TCGA-UCEC,-13.621466
-10.300548,TCGA-UCEC,-12.41594
18.982233,TCGA-UCEC,14.516481
20.524368,TCGA-UCEC,14.695204
-7.0231547,TCGA-UCEC,-18.196281
10.868369,TCGA-UCEC,26.117344
12.469534,TCGA-UCEC,27.822573
5.241088,TCGA-BLCA,-27.711304
12.955161,TCGA-BLCA,15.18947
10.0092535,TCGA-BLCA,-27.342081
5.650351,TCGA-BLCA,-23.27675
23.079561,TCGA-BLCA,-19.659971
27.765778,TCGA-BLCA,-23.804981
20.462347,TCGA-BLCA,-15.413897
28.333517,TCGA-BLCA,-23.954659
20.573076,TCGA-BLCA,-15.295551
23.552301,TCGA-BLCA,-18.914019
19.498425,TCGA-BLCA,-20.865112
26.896893,TCGA-BLCA,-18.386732
-24.467148,TCGA-BLCA,-33.889484
-23.874134,TCGA-BLCA,-33.637947
-24.555126,TCGA-BLCA,-33.021713
-25.729666,TCGA-BLCA,-33.692535
-23.225197,TCGA-BLCA,-33.794353
-25.26915,TCGA-BLCA,-33.737476
-25.099972,TCGA-BLCA,-34.074356
-24.697521,TCGA-BLCA,-32.87568
4.1412144,TCGA-KIRC,0.43935356
-7.2253304,TCGA-KIRC,-2.2056253
1.0341319,TCGA-KIRC,-0.52654904
-8.1481495,TCGA-KIRC,-4.6370273
-8.137069,TCGA-KIRC,-4.60489
1.7749537,TCGA-KIRC,0.82025087
1.7821046,TCGA-KIRC,0.6840321
2.358635,TCGA-KIRC,-0.48815313
17.295929,TCGA-KIRC,-15.741392
25.218307,TCGA-KIRC,-18.373735
15.374866,TCGA-KIRC,17.893473
1.841431,TCGA-KIRP,-1.5867293
-14.984391,TCGA-KIRP,-32.097164
-16.06343,TCGA-KIRP,-33.371845
-14.434392,TCGA-KIRP,5.177362
-14.734465,TCGA-KIRP,-32.07221
2.5772755,TCGA-KIRP,-2.8640501
3.8791883,TCGA-KIRP,-1.2478558
2.8686585,TCGA-KIRP,-0.9700436
3.844529,TCGA-KIRP,-1.3448415
2.4014223,TCGA-KIRP,-2.862641
11.741781,TCGA-BRCA,-5.871767
4.782508,TCGA-BRCA,-6.2154126
7.9344664,TCGA-BRCA,-7.7446775
4.5838337,TCGA-BRCA,-6.115386
12.140502,TCGA-BRCA,-7.6931458
9.82523,TCGA-BRCA,-7.6721573
9.67877,TCGA-BRCA,-7.1366544
10.285324,TCGA-BRCA,-9.96922
10.014315,TCGA-BRCA,-7.8897786
12.007834,TCGA-BRCA,-5.940781
8.352956,TCGA-BRCA,-8.832465
8.457375,TCGA-BRCA,-8.841723
15.1931715,TCGA-BRCA,22.444372
11.530776,TCGA-BRCA,-9.500965
3.9798343,TCGA-BRCA,-5.857662
-6.112088,TCGA-BRCA,8.3733835
17.891626,TCGA-BRCA,15.102614
16.88592,TCGA-BRCA,20.800968
9.127143,TCGA-BRCA,-9.447083
7.967967,TCGA-BRCA,-10.292374
-11.234884,TCGA-BRCA,17.413277
8.947342,TCGA-BRCA,-10.542568
16.940899,TCGA-BRCA,20.726006
15.067222,TCGA-BRCA,22.004156
16.597225,TCGA-BRCA,21.930481
12.317942,TCGA-BRCA,-12.115216
14.911691,TCGA-BRCA,22.687874
12.109242,TCGA-BRCA,-7.5195465
12.56028,TCGA-BRCA,-9.047553
-0.92064184,TCGA-BRCA,25.478266
14.569303,TCGA-BRCA,22.786102
12.989012,TCGA-BRCA,-9.790186
-4.2683764,TCGA-BRCA,-13.76221
12.883281,TCGA-BRCA,-9.687434
16.749416,TCGA-BRCA,22.601292
13.507037,TCGA-BRCA,-9.680767
13.756169,TCGA-BRCA,23.40681
-6.0111065,TCGA-THCA,8.212507
13.495215,TCGA-THCA,-13.553265
-9.727224,TCGA-PRAD,-27.056808
-9.479848,TCGA-PRAD,-24.347822
-9.750903,TCGA-PRAD,-27.16732
7.111637,TCGA-BRCA,-13.262521
7.3851113,TCGA-BRCA,-14.54021
8.343578,TCGA-BRCA,-13.0573845
7.2924676,TCGA-BRCA,-13.895199
-6.3219504,TCGA-BRCA,-20.378891
27.513268,TCGA-BRCA,-28.79264
-6.101683,TCGA-BRCA,-20.347996
7.8130407,TCGA-BRCA,-13.05688
9.586411,TCGA-BRCA,-13.203811
6.600074,TCGA-BRCA,-12.78152
8.254913,TCGA-BRCA,-13.606413
14.268864,TCGA-BRCA,-15.248858
13.556948,TCGA-BRCA,-14.776422
5.2412276,TCGA-BRCA,-13.242979
7.421595,TCGA-BRCA,-15.148416
-11.98966,TCGA-BLCA,-35.222797
-14.599307,TCGA-BLCA,-35.05525
-11.891306,TCGA-BLCA,-35.159313
4.7307844,TCGA-BLCA,-23.471716
-26.213007,TCGA-BLCA,-16.78751
-24.796907,TCGA-BLCA,-12.784268
-25.340017,TCGA-BLCA,-15.557733
4.222118,TCGA-BLCA,-23.67651
20.582771,TCGA-BLCA,-19.62395
25.019527,TCGA-BLCA,-9.070455
-14.207111,TCGA-BLCA,-35.758495
21.30846,TCGA-BLCA,-19.8454
-25.757345,TCGA-BLCA,-13.668703
22.193785,TCGA-BLCA,-20.770046
-25.618639,TCGA-BLCA,-17.965593
22.150665,TCGA-BLCA,-19.778276
19.1543,TCGA-BLCA,-20.87318
22.08666,TCGA-BLCA,-13.8106365
22.773937,TCGA-BLCA,-11.995474
28.158882,TCGA-BLCA,-20.047358
27.929232,TCGA-BLCA,-20.546331
-8.72705,TCGA-UCEC,-15.146771
-8.345789,TCGA-UCEC,-18.738613
-2.3471024,TCGA-UCEC,-29.216894
-8.222618,TCGA-UCEC,5.9136815
-5.9549427,TCGA-UCEC,-24.539127
-5.628057,TCGA-UCEC,-24.120806
-6.2472696,TCGA-UCEC,-25.079298
-9.601014,TCGA-UCEC,-15.250157
-7.908255,TCGA-UCEC,-18.211199
6.549283,TCGA-BLCA,-26.643179
25.835789,TCGA-BLCA,-21.031332
4.206791,TCGA-BLCA,-27.60943
3.554806,TCGA-BLCA,-27.880596
26.666649,TCGA-BLCA,-20.938591
11.892096,TCGA-BLCA,14.770641
11.807571,TCGA-BLCA,13.383989
24.375946,TCGA-BLCA,-25.768036
25.597633,TCGA-BLCA,-24.485703
2.8441854,TCGA-BLCA,-28.35805
25.71776,TCGA-BLCA,-23.039442
25.91842,TCGA-BLCA,-22.069225
25.735361,TCGA-BLCA,-21.933624
29.02789,TCGA-BLCA,-26.024626
16.401283,TCGA-LIHC,-12.126157
17.680595,TCGA-LIHC,-12.876853
14.908151,TCGA-LIHC,-11.635043
8.937278,TCGA-LIHC,18.132406
16.169218,TCGA-LIHC,-11.361756
16.375128,TCGA-LIHC,-10.990806
-26.997154,TCGA-LIHC,-15.268216
12.091602,TCGA-LIHC,20.594385
17.284088,TCGA-LIHC,-9.65253
17.571835,TCGA-LIHC,-18.522682
17.386635,TCGA-LIHC,-18.68011
20.209581,TCGA-LIHC,-9.682343
12.8356085,TCGA-LIHC,-26.170427
18.914404,TCGA-LIHC,-10.532887
17.980345,TCGA-LIHC,-10.465228
31.239803,TCGA-LIHC,-25.310207
16.694195,TCGA-LIHC,-18.786057
31.368582,TCGA-LIHC,-25.339996
-3.7608242,TCGA-LIHC,-21.84873
-23.590763,TCGA-LIHC,-32.999718
-25.708967,TCGA-LIHC,-13.579226
18.4829,TCGA-LIHC,-17.075731
19.401953,TCGA-LIHC,-11.868192
19.211012,TCGA-LIHC,-11.520396
20.208199,TCGA-LIHC,-9.15791
18.853289,TCGA-LIHC,-11.438263
18.144485,TCGA-LIHC,-14.541535
20.023905,TCGA-LIHC,-9.868764
3.8729572,TCGA-COAD,2.0103183
8.745139,TCGA-COAD,4.1646676
-0.88469774,TCGA-COAD,3.0858424
-6.835987,TCGA-COAD,9.332477
2.9794724,TCGA-COAD,3.027151
20.635937,TCGA-COAD,5.109191
20.224073,TCGA-COAD,4.336629
1.1916752,TCGA-COAD,3.185863
20.779375,TCGA-COAD,5.4564953
1.3365674,TCGA-COAD,3.457779
20.86228,TCGA-COAD,5.465892
8.902054,TCGA-COAD,3.0380325
1.0122259,TCGA-COAD,2.2939854
-0.003748486,TCGA-COAD,0.29619977
-1.8784083,TCGA-KIRC,-20.810383
-2.7706993,TCGA-KIRC,-22.306005
-17.97323,TCGA-KIRC,-33.948727
-16.476276,TCGA-KIRP,-32.135277
1.9597875,TCGA-KIRP,-2.0735614
-24.25719,TCGA-KIRP,-12.402517
3.327535,TCGA-KIRP,2.0501328
4.740947,TCGA-KIRP,5.3277497
-14.287602,TCGA-KIRP,-32.170315
-1.9937012,TCGA-KIRP,-22.66498
-17.570366,TCGA-KIRP,-34.463757
-3.036675,TCGA-KIRP,-18.913332
-18.138098,TCGA-KIRP,-34.22157
-17.846884,TCGA-KIRP,-33.647556
18.271584,TCGA-KIRP,10.402821
18.12722,TCGA-KIRP,9.963158
25.030712,TCGA-LUSC,11.4065
23.029287,TCGA-LUAD,7.9787035
23.155931,TCGA-LUAD,7.051789
26.090858,TCGA-LUAD,-29.281502
25.744406,TCGA-LUAD,-30.04335
26.10456,TCGA-LUAD,-29.243046
-12.876148,TCGA-PRAD,-2.0912893
-5.3121467,TCGA-PRAD,-28.386938
-3.444434,TCGA-PRAD,-25.236647
-2.908348,TCGA-PRAD,-26.568989
-2.5096962,TCGA-PRAD,-26.512558
-3.0457788,TCGA-PRAD,-27.45493
-2.8843098,TCGA-PRAD,-26.001677
26.152246,TCGA-BLCA,-27.26701
29.041046,TCGA-BLCA,-24.444542
23.027332,TCGA-BLCA,8.433595
16.878437,TCGA-BLCA,7.2196016
18.328386,TCGA-BLCA,-22.484884
20.1915,TCGA-BLCA,-20.370275
23.985527,TCGA-LIHC,11.569638
-25.893742,TCGA-LIHC,-17.47013
17.15018,TCGA-LIHC,-19.556505
18.811968,TCGA-LIHC,-18.415579
-14.39093,TCGA-KICH,5.0693307
-10.675932,TCGA-KICH,-2.0917943
-9.798054,TCGA-KICH,-1.3580533
-10.659582,TCGA-KICH,-1.2961912
-10.334308,TCGA-KICH,-0.7477808
-9.958678,TCGA-KICH,-1.3400004
-12.25125,TCGA-KICH,-2.9340398
-12.472848,TCGA-KICH,-2.8403442
-12.695192,TCGA-KICH,-3.3323278
-5.8083487,TCGA-KICH,21.740623
-3.9731612,TCGA-KICH,23.880512
-5.916251,TCGA-KICH,21.637726
-8.14696,TCGA-KICH,6.5819883
10.641057,TCGA-BRCA,-17.913216
-12.169988,TCGA-BRCA,-10.987721
11.509918,TCGA-BRCA,-14.308332
5.4425244,TCGA-BRCA,-12.786106
10.91732,TCGA-BRCA,-14.963544
10.843372,TCGA-BRCA,-16.676346
10.475151,TCGA-BRCA,-15.402714
10.83065,TCGA-BRCA,-15.423135
10.23437,TCGA-BRCA,-18.223404
14.954529,TCGA-BRCA,-7.5499673
-4.0617924,TCGA-BRCA,-19.38546
12.635506,TCGA-BRCA,-15.376964
11.036778,TCGA-BRCA,-17.296022
9.252975,TCGA-BRCA,-5.9186735
12.693231,TCGA-BRCA,-15.182696
-2.7597878,TCGA-BRCA,-16.660868
-25.158777,TCGA-BRCA,-32.17317
0.62488294,TCGA-OV,-20.452246
0.50939965,TCGA-OV,-24.153101
-0.18535292,TCGA-SARC,-19.365732
0.13907841,TCGA-SARC,-19.586447
-6.5208397,TCGA-SARC,-30.32275
-8.3131075,TCGA-SARC,-29.796387
-7.239811,TCGA-SARC,-29.840954
-5.497078,TCGA-PRAD,-29.265331
-5.6964874,TCGA-PRAD,-29.987524
-5.781855,TCGA-PRAD,-28.6833
-5.7342215,TCGA-PRAD,-28.671314
7.753518,TCGA-STAD,-28.325655
9.763242,TCGA-STAD,-29.407522
19.43817,TCGA-STAD,-28.21914
7.931907,TCGA-STAD,-28.707014
18.13751,TCGA-STAD,-28.279205
29.13866,TCGA-STAD,-25.252518
9.078742,TCGA-STAD,-29.407982
20.62992,TCGA-STAD,-28.39592
20.231518,TCGA-STAD,-30.535883
20.418438,TCGA-STAD,-30.757013
19.057795,TCGA-STAD,-31.23125
21.700277,TCGA-STAD,-30.090946
15.370862,TCGA-STAD,-27.850868
17.844204,TCGA-STAD,-29.648401
17.726301,TCGA-STAD,-27.126472
17.489607,TCGA-STAD,-27.600426
7.319599,TCGA-STAD,-30.207106
20.806746,TCGA-STAD,-31.854677
18.506392,TCGA-STAD,-30.755035
16.27005,TCGA-STAD,-31.53219
24.292969,TCGA-STAD,12.477316
17.564972,TCGA-STAD,-30.340815
22.471498,TCGA-STAD,-28.317116
5.9324937,TCGA-STAD,-29.648844
16.538383,TCGA-STAD,-26.946896
18.074837,TCGA-STAD,-32.047134
19.58885,TCGA-STAD,-29.70199
17.22812,TCGA-STAD,-31.991007
18.006454,TCGA-STAD,-31.807257
19.34108,TCGA-STAD,-32.527637
15.32258,TCGA-STAD,-24.45592
19.835993,TCGA-STAD,-28.705873
8.060457,TCGA-STAD,-29.64854
14.679572,TCGA-STAD,-29.154638
7.3890047,TCGA-STAD,-29.179678
19.7469,TCGA-STAD,-26.828781
19.197515,TCGA-STAD,-26.554947
8.559327,TCGA-STAD,-28.539148
8.130004,TCGA-STAD,-28.05171
17.442837,TCGA-STAD,-29.337646
19.13528,TCGA-STAD,-27.186085
21.923841,TCGA-STAD,-27.346922
20.742764,TCGA-STAD,-27.879063
18.561943,TCGA-STAD,-26.302246
18.296143,TCGA-STAD,-27.879007
16.800537,TCGA-STAD,-27.906086
12.807299,TCGA-ESCA,-30.52198
-16.901701,TCGA-ESCA,-37.445
-13.936023,TCGA-ESCA,-37.402428
1.2148668,TCGA-ESCA,-34.01834
12.848338,TCGA-ESCA,-30.892838
-16.692463,TCGA-ESCA,-37.33957
-15.557555,TCGA-ESCA,-37.725224
-15.315366,TCGA-ESCA,-37.16742
-14.203955,TCGA-ESCA,-36.59704
-15.9399395,TCGA-ESCA,-37.146454
-14.9617605,TCGA-ESCA,-36.734
-13.625883,TCGA-ESCA,-37.05453
-16.662428,TCGA-ESCA,-38.577515
20.439003,TCGA-ESCA,-22.47762
-15.662686,TCGA-ESCA,-36.62907
-14.486107,TCGA-ESCA,-37.327015
4.1425486,TCGA-CESC,-38.944
5.281044,TCGA-CESC,-39.20231
-1.7838112,TCGA-CESC,-36.870937
6.719981,TCGA-CESC,-40.62616
3.5402744,TCGA-CESC,-38.046196
3.7307966,TCGA-CESC,-40.55301
4.050085,TCGA-CESC,-38.304623
0.21350749,TCGA-CESC,-35.00427
3.1181436,TCGA-CESC,-43.339787
8.377132,TCGA-CESC,-36.301678
5.0575976,TCGA-CESC,-37.122234
4.2975845,TCGA-CESC,-42.64771
2.4435492,TCGA-CESC,-41.68079
4.859333,TCGA-CESC,-36.058475
4.6049776,TCGA-CESC,-43.040543
1.7149374,TCGA-CESC,-39.277203
-1.3031579,TCGA-CESC,-38.378365
8.186131,TCGA-CESC,-40.91366
1.237921,TCGA-CESC,-35.346237
-0.28567877,TCGA-CESC,-37.445953
4.216362,TCGA-CESC,-34.730263
1.6991366,TCGA-CESC,-37.600685
1.9385194,TCGA-CESC,-39.090412
4.1369,TCGA-CESC,-35.14425
-1.732599,TCGA-CESC,-36.174923
-0.9503454,TCGA-CESC,-37.66951
2.9199321,TCGA-CESC,-38.809868
2.9861293,TCGA-CESC,-39.169277
0.11023566,TCGA-CESC,-38.58666
5.853015,TCGA-CESC,-40.07655
0.3138139,TCGA-CESC,-41.567047
2.0488293,TCGA-CESC,-39.726326
1.3303733,TCGA-CESC,-40.08914
9.277257,TCGA-CESC,-36.212727
8.985533,TCGA-CESC,-36.24406
-1.2605832,TCGA-CESC,-36.266766
4.6133947,TCGA-CESC,-39.791565
0.42945743,TCGA-CESC,-35.073883
6.2234354,TCGA-CESC,-36.726105
7.7865515,TCGA-CESC,-39.32302
1.1929777,TCGA-CESC,-38.399303
5.6103644,TCGA-CESC,-38.24108
2.3806586,TCGA-CESC,-40.5583
6.9816985,TCGA-CESC,-39.477295
3.1875901,TCGA-CESC,-40.248238
4.6792984,TCGA-CESC,-36.23096
1.5840619,TCGA-CESC,-40.779133
8.594281,TCGA-CESC,-39.734615
8.744466,TCGA-CESC,-39.891586
0.5367787,TCGA-CESC,-39.11222
2.090341,TCGA-CESC,-40.69984
7.781032,TCGA-CESC,-40.515877
4.069567,TCGA-CESC,-40.049416
5.2352967,TCGA-CESC,-40.78577
25.44102,TCGA-BLCA,-15.512474
23.848953,TCGA-BLCA,-15.479184
23.918865,TCGA-BLCA,-15.596424
25.818554,TCGA-BLCA,-14.858799
24.737562,TCGA-BLCA,-15.568171
24.684889,TCGA-BLCA,-16.976738
24.59705,TCGA-BLCA,-14.835586
25.886805,TCGA-BLCA,-15.432392
3.2662308,TCGA-BLCA,-25.560064
-11.67873,TCGA-BLCA,-34.733387
27.70056,TCGA-BLCA,-14.857739
-15.913033,TCGA-BLCA,-35.515987
22.08649,TCGA-BLCA,-23.107922
22.707344,TCGA-BLCA,-22.92803
7.545747,TCGA-BLCA,-27.178827
22.084373,TCGA-BLCA,-17.341127
25.00349,TCGA-BLCA,-12.808654
24.594383,TCGA-BLCA,-20.479958
17.55507,TCGA-BLCA,-25.054735
22.915882,TCGA-BLCA,-22.87535
25.490885,TCGA-BLCA,-12.167677
24.523502,TCGA-BLCA,-22.254648
23.992922,TCGA-BLCA,-23.994684
21.999365,TCGA-BLCA,-16.637648
17.375572,TCGA-BLCA,-24.996014
26.67108,TCGA-BLCA,-11.165097
25.100977,TCGA-BLCA,-11.231665
24.78837,TCGA-BLCA,-11.103987
25.13788,TCGA-BLCA,-9.507736
22.558657,TCGA-BLCA,-9.681827
24.858261,TCGA-BLCA,-22.398556
24.147863,TCGA-BLCA,-23.111273
23.811085,TCGA-BLCA,-20.063942
21.110415,TCGA-BLCA,-17.959024
25.100243,TCGA-BLCA,-11.4990835
-24.301676,TCGA-BLCA,-32.26642
29.14402,TCGA-BLCA,-22.842648
26.210485,TCGA-BLCA,-12.025441
26.999311,TCGA-BLCA,-22.045956
27.537708,TCGA-BLCA,-14.477203
