AGID	lab_id	catalog_number	set_id	peptide_target	protein_expression
AGID00100	882	sc-628	Old	1433BETA	-0.030802
AGID00111	913	sc-23957	Old	1433EPSILON	0.22584
AGID00101	883	sc-1019	Old	1433ZETA	0.038356
AGID00001	2	9452	Old	4EBP1	0.31273
AGID00002	3	9456	Old	4EBP1_pS65	-0.45164
AGID00003	6	9459	Old	4EBP1_pT37T46	-0.198
AGID00443	8	9455	Old	4EBP1_pT70	-0.26213
AGID00120	985	4937	Old	53BP1	0.093712
AGID00004	13	3661	Old	ACC_pS79	0.55881
AGID00005	14	1768-1/ab45174	Old	ACC1	0.58741
AGID00408	2372	3658	Set163	AceCS1	0.235384
AGID00473	1182	5335	Old	ACETYLATUBULINLYS40	0.44057
AGID00404	2367	9189	Set163	ACSL1	-0.3342356
AGID02144	2450	PA5-27081	Old	ACVRL1	-0.081373
AGID00186	1198	ab88574	Old	ADAR1	-0.27068
AGID00146	1084	4691	Old	AKT	0.19981
AGID00028	230	9271	Old	AKT_pS473	-0.70682
AGID00170	1154	2965	Old	AKT_pT308	-0.70169
AGID00316	1800	3063	Set163	Akt2	-0.2374405
AGID00347	2009	8599	Set163	Akt2_pS474	-0.1384661
AGID02215	2577	ab195377	Set163	ALKBH5	0.2340493
AGID00498	924	CA1030	Old	ALPHACATENIN	NA
AGID00287	1630	ABC80	Set163	Ambra1_pS52	-0.07120138
AGID00236	1351	ab129081	Set163	AMPK-a2_pS345	-0.1015106
AGID00006	39	2532	Old	AMPKALPHA	-0.39177
AGID00007	40	2535	Old	AMPKALPHA_pT172	-0.048894
AGID00193	1208	610066	Old	ANNEXIN1	-0.2439
AGID00166	1142	610668	Old	ANNEXINVII	0.32337
AGID00371	756	1852-1/ab52615	Old	AR	0.38218
AGID00194	1217	4432	Old	ARAF	0.32839
AGID02191	2507	PA5-39728	Old	ARAF_pS299	0.064526
AGID00260	1053	sc-32761	Old	ARID1A	0.27507
AGID00264	1560	HPA029318	Old	ASNS	-0.1065
AGID00276	1612	3415	Set163	Atg3	0.0600844
AGID00309	1775	13507	Set163	Atg4B	0.06637395
AGID00310	1776	12994	Set163	Atg5	0.1517344
AGID00277	1613	8558	Set163	Atg7	0.1293445
AGID00242	1363	2873	Old	ATM	0.11883
AGID02142	2447	13050	Set163	ATM_pS1981	-0.03132068
AGID00217	1289	ab14748	Set163	ATP5A	-0.4521162
AGID02145	2451	PA5-43776	Set163	ATP5H	0.01999944
AGID02150	2456	13934	Set163	ATR	0.02970143
AGID00315	1795	ab178407	Set163	ATR_pS428	-0.1044618
AGID00268	1569	ab97508	Set163	ATRX	-0.4254282
AGID00391	2332	14475	Set163	Aurora-A	0.03743447
AGID00392	2333	2914	Set163	Aurora-ABC_pT288_pT232_pT198	0.04453448
AGID02195	2512	MA5-27890	Set163	Aurora-B	0.02615816
AGID00215	1271	8661	Old	AXL	NA
AGID02143	2449	8457	Set163	b-Actin	0.2399642
AGID00179	1170	9565	Set163	b-Catenin_pT41_S45	-0.05655053
AGID00301	1725	14058	Set163	B7-H3	0.7139536
AGID00302	1726	14572	Set163	B7-H4	0.05213913
AGID00008	63	9291	Old	BAD_pS112	0.2903
AGID00009	71	1542-1/ab32371	Old	BAK	-0.72489
AGID00192	1207	sc-28383	Old	BAP1C4	-0.25511
AGID00010	73	2772	Old	BAX	-0.20394
AGID00433	80	M0887	Old	BCL2	0.64587
AGID00219	1299	PAB8528	Old	BCL2A1	0.14141
AGID00012	84	1018-1	Old	BCLXL	-0.30959
AGID00377	87	sc-10086	Old	BECLIN	0.054769
AGID00011	75	9562	Old	BETACATENIN	-1.6859
AGID00013	88	1008-1/ab32060	Old	BID	-0.23482
AGID00180	90	1036-1/ab32158	Old	BIM	0.48972
AGID00221	1311	610978	Set163	BiP-GRP78	0.1198489
AGID00373	2194	07-507	Set163	BMK1-Erk5_pT218_Y220	0.0164045
AGID00355	92	1647/ab33899	Old	BRAF	0.14499
AGID00014	94	2696	Old	BRAF_pS445	0.30595
AGID00445	761	9012	Old	BRCA2	-0.16278
AGID00266	1567	13440	Old	BRD4	0.077165
AGID00168	1146	2865	Set163	c-Abl_pY412	0.1328437
AGID00278	1615	3130	Set163	c-IAP2	-0.03168064
AGID00345	1990	5649	Old	CA9	NA
AGID00265	1565	2862	Old	CABL	0.055981
AGID00429	2407	2679	Set163	Calnexin	0.0001742138
AGID00176	1165	9496	Set163	Caspase-8-cleaved	0.02967939
AGID00623	111	9665	Old	CASPASE3	-0.10123
AGID00015	109	9491	Old	CASPASE7CLEAVEDD198	-0.71752
AGID00118	951	9746	Old	CASPASE8	-0.056589
AGID00537	935	551246	Old	CASPASE9	NA
AGID00016	114	3238	Old	CAVEOLIN1	-0.11026
AGID00358	2100	ab76000	Set163	CD134	0.08453303
AGID00303	1737	826701	Set163	CD171	-0.3366656
AGID00410	125	1632-1/ab78237	Old	CD20	-0.17235
AGID00220	1308	ab28340	Old	CD26	0.10529
AGID00191	1206	610467	Set163	CD29	-0.07827588
AGID00017	127	M0823	Old	CD31	0.21008
AGID00369	2174	ab108403	Set163	CD38	0.009794478
AGID00359	2104	ab133616	Set163	CD4	-0.2100168
AGID00411	1398	3570	Set163	CD44	0.2677293
AGID00237	1352	M070101-2	Set163	CD45	-0.1109257
AGID00115	937	611016	Old	CD49B	0.01914
AGID02171	2482	91882	Set163	CD86	-0.3531355
AGID00329	1873	4688	Set163	cdc25C	0.3856995
AGID00227	1332	4651	Set163	Cdc42	0.01284425
AGID00422	2396	3387	Set163	Cdc6	-0.09201565
AGID00501	1007	9112	Old	CDK1	-0.19095
AGID00293	1658	ab32384	Set163	CDK1_pT14	0.07335447
AGID00314	1783	4539	Old	CDK1_pY15	-0.02182
AGID00423	2397	8064	Set163	CDT1	-0.06999098
AGID02101	2348	15102	Set163	cGAS	0.01976447
AGID00447	2410	13460	Set163	CHD1L	-0.3208774
AGID00189	1203	2360	Old	CHK1	-0.089773
AGID00234	1348	ab79758	Old	CHK1_pS296	-0.21418
AGID00107	903	2348	Old	CHK1_pS345	0.012313
AGID00018	146	3440	Old	CHK2	0.068699
AGID00019	147	2197	Old	CHK2_pT68	0.1286
AGID00527	2078	4952	Old	CIAP	0.10554
AGID00350	2018	3793	Set163	CIITA	-0.04471553
AGID00434	155	9164	Old	CJUN_pS73	0.13753
AGID00020	157	1522-1/ab32363	Old	CKIT	-0.10622
AGID00400	852	NB100-91714	Old	CLAUDIN7	0.15172
AGID00466	726	3127	Old	CMET	-0.23697
AGID00079	727	3129	Old	CMET_pY1235	-0.19909
AGID00167	161	9402	Old	CMYC	0.29253
AGID00292	1656	11130-1-AP	Old	COG3	0.18503
AGID00021	171	sc-20649	Old	COLLAGENVI	0.53752
AGID00141	1069	459230	Old	COMPLEXIISUBUNIT30	NA
AGID00267	1568	3512	Set163	Connexin-43	0.3944042
AGID00269	1571	6434	Set163	Coup-TFII	-0.4723355
AGID00150	1116	4850	Set163	Cox-IV	-0.3515862
AGID00195	1218	4842	Set163	Cox2	-0.09509553
AGID00188	803	05-739	Old	CRAF	-0.15428
AGID00022	179	9427	Old	CRAF_pS338	-0.14892
AGID00023	181	9197	Set163	Creb	-0.1389767
AGID00393	2334	9198	Set163	CREB_pS133	0.1245766
AGID00365	2155	4980	Set163	CSK	0.07715443
AGID00367	2160	9201	Set163	CtIP	0.1714891
AGID00536	2096	ab107198	Old	CTLA4	NA
AGID00025	198	2936	Set163	Cyclin-D3	-0.1703056
AGID00024	192	1495-1/ab32053	Old	CYCLINB1	-0.075216
AGID00382	194	sc-718	Old	CYCLIND1	0.0075266
AGID00437	199	sc-25303	Old	CYCLINE1	-0.63286
AGID00449	202	1142-1	Old	CYCLINE2	-0.31179
AGID00209	1257	ab110324	Set163	Cyclophilin-F	-0.09103582
AGID00247	1379	ab48389	Set163	D-a-Tubulin	-0.01927054
AGID00308	1770	GTX10524	Set163	DAPK1_pS308	-0.1957356
AGID00304	1744	ab51601	Set163	DAPK2	0.03435925
AGID00343	1980	6998	Set163	DDB-1	0.0680844
AGID00427	2402	5583	Set163	DDR1	-0.1670013
AGID00428	2403	SAB4504671	Set163	DDR1_pY513	0.04270445
AGID00532	1273	Bast Lab	Old	DIRAS3	0.11656
AGID00104	891	ab76008	Old	DJ1	0.52494
AGID02146	2452	4658	Set163	DM-Histone-H3	0.02613908
AGID00386	1397	ab32521	Set163	DM-K9-Histone-H3	-0.1358006
AGID00352	2030	14649	Set163	DNA-Ligase-IV	-0.02970078
AGID00407	2371	13609	Set163	DNA_POLG	-0.1953756
AGID00399	2344	5032	Set163	DNMT1	0.1988343
AGID00409	2373	5391	Set163	DRP1	0.2231229
AGID00253	1406	5149	Old	DUSP4	-0.34126
AGID00334	1936	ab76310	Set163	DUSP6	0.08261414
AGID00116	940	3218	Old	DVL3	0.065349
AGID00211	1261	sc-251	Old	E2F1	NA
AGID00148	1099	3195	Old	ECADHERIN	-4.7062
AGID00135	1060	2332	Old	EEF2	-0.45593
AGID00136	1061	3692	Old	EEF2K	0.20632
AGID00152	1120	2232	Old	EGFR	-0.49532
AGID00450	217	2234	Old	EGFR_pY1068	-0.033736
AGID00026	221	1124-1/ab32578	Old	EGFR_pY1173	-0.15528
AGID00078	722	9742	Old	EIF4E	0.27156
AGID00328	1871	ab76256	Set163	eIF4E_pS209	0.09885415
AGID00154	1124	2498	Old	EIF4G	0.0095426
AGID00027	228	9181	Set163	Elk1_pS383	-0.03835053
AGID00235	1350	M061329-2	Set163	EMA	-0.06045596
AGID00394	2337	3810	Set163	Enolase-1	0.3164092
AGID00395	2338	8171	Set163	Enolase-2	0.2887495
AGID00196	1219	GTX629542	Old	ENY2	NA
AGID00438	1849	A302-024A	Set163	EphA2	-0.04272553
AGID00552	2422	6347	Set163	EphA2_pS897	-0.08494553
AGID00553	2423	12677	Set163	EphA2_pY588	-0.06566403
AGID00075	693	556347	Old	EPPK1	0.28482
AGID00335	238	RM-9101	Old	ERALPHA	1.9355
AGID00029	241	1091-1/ab32396	Old	ERALPHA_pS118	0.28176
AGID00240	247	MS-671	Old	ERCC1	-0.14505
AGID00239	1355	11331-1-AP	Old	ERCC5	-0.022592
AGID00484	249	sc-154	Old	ERK2	-0.046535
AGID00372	2193	3552	Set163	Erk5	0.3535245
AGID00405	2369	13826	Set163	ERRalpha	0.02731935
AGID00187	1200	A303-501A	Old	ETS1	-0.95992
AGID00511	2492	2593	Set163	EVI1	0.001078866
AGID00485	1284	4905	Old	EZH2	NA
AGID00030	252	1700-1/ab40794	Set163	FAK	-0.7423155
AGID02151	2457	8556	Set163	FAK_pY397	0.2961779
AGID00171	1156	3180	Old	FASN	1.8758
AGID00356	2085	500-P18/10775-082	Set163	FGF-basic	-0.2958605
AGID00031	262	1574-1/ab45688	Old	FIBRONECTIN	0.39865
AGID00339	1959	4403	Set163	FN14	-0.01429053
AGID02152	2458	20459	Old	FOXM1	-0.53637
AGID00378	269	9467	Old	FOXO3A	-0.001991
AGID02197	2515	orb6051	Old	FOXO3A_pS318S321	0.12625
AGID02167	2475	PA5-64616	Set163	FRS2-alpha_pY196	0.01983448
AGID02213	2575	ab124892	Set163	FTO	0.1355045
AGID02141	2446	12263	Old	G6PD	-0.33627
AGID00117	943	3239	Old	GAB2	2.3941
AGID00412	274	AM4300	Old	GAPDH	-1.0152
AGID00086	764	558686	Old	GATA3	2.2168
AGID00383	1578	4253	Old	GATA6	NA
AGID00289	1634	12601-1-AP	Set163	GCLC	0.3236294
AGID00305	1745	ab124827	Set163	GCLM	-0.1208455
AGID00212	1263	3305	Old	GCN5L2	NA
AGID00270	1579	3538	Set163	Gli1	0.07113407
AGID00263	1520	ab69838	Set163	Gli3	0.2899733
AGID00548	2530	3660	Set163	Glucocorticoid-Receptor	-0.2066105
AGID00387	1617	12793	Set163	Glutamate-D1-2	0.3827433
AGID00262	1491	ab156876	Set163	Glutaminase	-0.1057956
AGID00319	1807	4275	Set163	Granzyme-B	-0.06499063
AGID00368	2169	ab183737	Set163	GRB7	-0.01753631
AGID00396	2339	3593	Set163	Grp75	-0.08486059
AGID00174	1163	9315	Set163	GSK-3B	-0.1789164
AGID00502	1082	9336	Old	GSK3_pS9	0.084054
AGID00033	284	sc-7291	Old	GSK3ALPHABETA	0.040341
AGID00034	285	9331	Old	GSK3ALPHABETA_pS21S9	0.30241
AGID00129	1035	3886	Old	GYS	NA
AGID00130	1036	3891	Old	GYS_pS641	NA
AGID01354	1342	9718	Set163	H2AX_pS139	-0.07016557
AGID00363	1409	MA1-2022	Set163	H2AX_pS140	-0.01415059
AGID00131	1038	MS-325-P1	Old	HER2	-0.051539
AGID00142	299	06-229	Old	HER2_pY1248	-0.16094
AGID00110	911	sc-285	Old	HER3	0.21032
AGID00080	728	4791	Old	HER3_pY1289	-0.088121
AGID00103	890	2573	Old	HEREGULIN	-0.1924
AGID00271	1582	11988	Set163	HES1	-0.2862858
AGID00397	2340	2024	Set163	Hexokinase-I	0.2290942
AGID00442	1023	2867	Set163	Hexokinase-II	-0.6013871
AGID00419	1402	610958	Old	HIF1ALPHA	NA
AGID00205	1250	ab1791	Set163	Histone-H3	-0.8151457
AGID00398	2341	3377	Set163	Histone-H3_pS10	-0.2928307
AGID00332	1901	ab128959	Set163	HLA-DQA1	0.1327831
AGID00333	1902	14832-1-AP	Set163	HMHA1	-0.06325602
AGID00035	321	2402	Set163	HSP27	-0.01806058
AGID00036	323	2401	Set163	HSP27_pS82	0.6503445
AGID00320	1808	12165	Set163	HSP60	0.04986925
AGID00037	325	4872	Old	HSP70	0.22219
AGID00366	2158	86630	Set163	IDO	0.02445898
AGID00197	1221	3024	Old	IGF1R_pY1135Y1136	0.23006
AGID00038	335	3922	Old	IGFBP2	0.15871
AGID00090	793	611504	Set163	IGFBP3	-0.07383585
AGID00039	336	3027	Set163	IGFRb	0.2523445
AGID00336	1949	12153	Set163	IL-6	-0.06263085
AGID02221	2583	57145	Set163	IMP3	-0.02698567
AGID02153	2459	14543	Old	INPP4B	1.9991
AGID00272	1586	3025	Set163	IR-b	0.1795144
AGID00519	2519	4302	Set163	IRF-3	0.09667972
AGID00520	2520	4947	Set163	IRF-3_pS396	0.02631393
AGID00223	1316	sc-497	Old	IRF1	-0.23108
AGID00092	802	06-248	Old	IRS1	0.62837
AGID00040	371	4502	Set163	IRS2	0.334034
AGID00250	1394	sc-13157	Old	JAB1	0.14551
AGID00256	1413	ab109536	Set163	Jagged1	0
AGID00177	1166	3230	Old	JAK2	-0.29
AGID00758	377	4671	Old	JNK_pT183Y185	0.40938
AGID02136	2439	PA5-28262	Old	JNK2	0.57983
AGID00307	1757	ab10484	Set163	KAP1	0.02690896
AGID00528	904	2180	Old	KU80	0.1303
AGID00375	2237	HPA028732	Set163	LAD1	-0.4238505
AGID00290	1643	IHC-00439	Set163	Lasu1	-0.1384106
AGID00279	1618	4108	Set163	LC3A-B	0.3110992
AGID00042	397	2752	Old	LCK	-0.27251
AGID00119	976	3582	Old	LDHA	NA
AGID00533	977	ab85319	Old	LDHB	NA
AGID00529	1477	3050	Old	LKB1	-0.021754
AGID00244	1367	2568	Set163	LRP6_pS1490	-0.04277055
AGID00439	2424	2796	Set163	Lyn	-0.06050058
AGID02154	2460	4370	Old	MAPK_pT202Y204	0.47381
AGID00198	1222	5453	Set163	Mcl-1	0.1384034
AGID00288	1633	AB3314P	Set163	MCT4	0.2543143
AGID00175	1164	3521	Set163	MDM2_pS166	-0.2494805
AGID00044	417	1235-1/ab32576	Old	MEK1	0.2012
AGID00143	1076	9154	Old	MEK1_pS217S221	-0.077906
AGID00201	1243	9125	Set163	MEK2	0.073134
AGID00361	2118	ab51061	Set163	MelanA	0.06771945
AGID00362	2119	ab137078	Set163	Melanoma-gp100	0.08177437
AGID00337	1951	12711	Set163	MERIT40	0.3141588
AGID00338	1952	12110	Set163	MERIT40_pS29	-0.1010955
AGID02212	2574	ab195352	Set163	METTL3	-0.3919155
AGID00225	1323	sc-20121	Set163	MIF	0.6563645
AGID00137	1062	WH0054206M1	Old	MIG6	-0.058223
AGID00403	2117	ab20663	Set163	MITF	-0.1665809
AGID00503	1067	ab3298	Old	MITOCHONDRIA	NA
AGID00321	1809	14739	Set163	Mitofusin-1	-0.02636432
AGID00322	1810	11925	Set163	Mitofusin-2	0.3048943
AGID00389	2324	3515	Set163	MLH1	-0.2079957
AGID00312	1780	14993	Set163	MLKL	-0.4061057
AGID00402	2359	MAB3328	Set163	MMP14	0.5330744
AGID00045	435	4022	Set163	MMP2	-0.1362884
AGID00122	1005	2195	Set163	Mnk1	0.01126326
AGID00331	1899	sc-377312	Set163	MR1	0.03075929
AGID00273	1589	ab103319	Set163	MRAP	-0.04401552
AGID00530	440	4847	Old	MRE11	0.13804
AGID00390	905	2850	Old	MSH2	-0.18376
AGID00138	1063	22030002	Old	MSH6	0.077724
AGID00299	1675	ab76148	Set163	MSI2	-0.06917052
AGID00232	1344	ab14705	Set163	MTCO1	-0.05193721
AGID00046	444	2983	Old	MTOR	0.036408
AGID00047	446	2971	Old	MTOR_pS2448	0.098055
AGID00204	1247	H00009788-M01A	Set163	MTSS1	0.005599299
AGID00401	1139	21370002	Old	MYH11	-1.2958
AGID00291	1647	3403	Old	MYOSINIIA	NA
AGID00173	1160	5026	Old	MYOSINIIA_pS1943	0.47736
AGID00318	1803	4282	Set163	Myt1	-0.2483058
AGID00216	1274	5795-1/ab129189	Old	NAPSINA	NA
AGID00418	452	4061	Old	NCADHERIN	-0.29636
AGID00156	1126	3217	Old	NDRG1_pT346	-0.18006
AGID02133	2436	PA5-45913	Set163	NDUFB4	0.1043345
AGID00134	1046	22710002	Old	NF2	-0.15903
AGID00048	457	3033	Old	NFKBP65_pS536	0.19267
AGID02155	2461	3608	Old	NOTCH1	0.043644
AGID00340	1969	4147	Set163	Notch1-cleaved	-0.006210771
AGID00087	767	sc-5593	Set163	Notch3	0.08611445
AGID00258	1420	3187	Set163	NQO1	0.3525193
AGID00162	1136	sc-31	Old	NRAS	-0.086334
AGID00257	1419	12721	Old	NRF2	NA
AGID00297	1669	2750	Set163	Oct-4	0.09002947
AGID00420	466	1712-1/ab40803	Old	P16INK4A	0.53647
AGID00384	470	sc-6246	Old	P21	0.049564
AGID00105	897	1591-1/ab32034	Old	P27	-0.023985
AGID00096	842	AF1555	Old	P27_pT157	0.1988
AGID00099	878	ab64949	Old	P27_pT198	-0.051824
AGID00181	1175	9228	Set163	p38-a	0.009983362
AGID00098	479	9211	Old	P38_pT180Y182	-0.010814
AGID00049	478	9212	Old	P38MAPK	0.32397
AGID00151	1119	4695	Set163	p44-42-MAPK	0.2473595
AGID00050	481	9282	Old	P53	0.11513
AGID00490	1187	610833	Old	P62LCKLIGAND	0.057721
AGID00545	1415	ab53039	Old	P63	NA
AGID00052	494	9205	Old	P70S6K_pT389	-0.34967
AGID00051	493	1494-1/ab32529	Old	P70S6K1	0.18837
AGID00085	759	9347	Old	P90RSK	0.46849
AGID00531	770	9344	Old	P90RSK_pT359S363	-0.18164
AGID00182	1178	9346	Set163	p90RSK_pT573	-0.03027565
AGID00053	499	612024	Old	PAI1	0.54414
AGID00224	1322	HPA035895	Set163	PAICS	0.3374745
AGID00323	1811	2602	Set163	PAK1	0.404184
AGID02199	2517	PA5-69540	Set163	PAK4	-0.01958064
AGID00245	1370	4336-BPC-100	Set163	PAR	0.218604
AGID00374	2209	66564	Set163	PARG	-0.0203558
AGID00370	1372	sc-7150	Old	PARP1	NA
AGID00468	501	9546	Old	PARPCLEAVED	0.027167
AGID00274	1591	ab53715	Set163	Patched	-0.05840556
AGID00513	2486	60433	Set163	PAX6	0.1396644
AGID00441	1621	9857	Set163	PAX8	-0.04346191
AGID00054	504	2542	Old	PAXILLIN	-0.23196
AGID00055	509	2130	Old	PCADHERIN	-0.10454
AGID00248	511	ab29	Old	PCNA	-0.11966
AGID00413	2095	43248	Old	PDCD1	NA
AGID00094	816	600-401-965	Old	PDCD4	-0.13702
AGID00385	1225	3169	Set163	PDGFRB	0.2033895
AGID00210	1258	ab110332	Set163	PDH	0.08959832
AGID00324	1817	3205	Set163	PDHA1	0.0118588
AGID00280	1622	3820	Set163	PDHK1	-0.08027553
AGID00056	515	3062	Old	PDK1	0.34685
AGID00057	516	3061	Old	PDK1_pS241	0.42403
AGID00300	1234	sc-19090	Old	PDL1	-0.074749
AGID00124	1017	2780	Old	PEA15	0.04255
AGID00125	1018	44-836G	Old	PEA15_pS116	-0.19722
AGID00440	2429	3192	Set163	PERK	-0.05740614
AGID02207	2569	ab192876	Set163	PGM1	0.1358538
AGID00281	1623	13428	Set163	PHGDH	0.2951839
AGID00425	2399	22789-1-AP	Set163	PHLPP	-0.1455755
AGID00226	1330	sc-376412	Set163	PI3K-p110-b	-0.03872554
AGID00093	808	4255	Old	PI3KP110ALPHA	0.41227
AGID00058	523	06-195	Old	PI3KP85	0.22174
AGID00296	1667	5675	Set163	PKA-a	-0.07479067
AGID00259	1426	9375	Set163	PKC-a-b-II_pT638_T641	0.02058447
AGID00172	529	05-154	Old	PKCALPHA	-0.3173
AGID00460	530	06-822	Old	PKCALPHA_pS657	-0.2375
AGID00114	932	07-875	Old	PKCDELTA_pS664	0.036613
AGID00163	1137	9371	Old	PKCPANBETAII_pS660	0.080799
AGID00126	1025	4053	Old	PKM2	NA
AGID00512	2489	5690	Set163	PLC-gamma1	0.04921364
AGID02138	2441	GTX133463	Set163	PLC-gamma2_pY759	0.1788993
AGID00084	754	4513	Set163	PLK1	-0.09299559
AGID00203	1246	22510002	Set163	PMS2	-0.07088553
AGID00207	1254	ab14734	Set163	Porin	-0.1068755
AGID00381	549	1483-1/ab32085	Old	PR	0.10951
AGID00081	738	AHO1031	Set163	PRAS40	0.06592448
AGID00082	739	44-1100G	Old	PRAS40_pT246	-0.30785
AGID00424	2398	OAAF05458	Set163	PRC1_pT481	-0.02870555
AGID00492	1205	HPA007730	Old	PRDX1	0.0096431
AGID00190	1204	ab102739	Old	PREX1	1.5668
AGID00061	566	9552	Old	PTEN	0.072606
AGID00364	2154	ab76942	Set163	PTPN12	0.09186432
AGID00218	1290	4976	Set163	Puma	0.2428995
AGID00200	1242	SAB2900066	Old	PYGB	NA
AGID00535	1494	ab61013	Old	PYGL	NA
AGID00202	1245	H00005837-M10	Old	PYGM	NA
AGID00275	1607	3291	Set163	Pyk2_pY402	0.1356989
AGID00145	1083	3539	Old	RAB11	0.0042455
AGID00169	1150	4314	Old	RAB25	0.35671
AGID00342	1979	24555	Set163	Rad23A	0.1543294
AGID00261	987	05-525	Old	RAD50	-0.31229
AGID00360	579	NA71	Old	RAD51	-0.50369
AGID00158	1128	2280	Old	RAPTOR	-0.15871
AGID00059	552	9309	Old	RB	-0.1876
AGID00060	557	9308	Old	RB_pS807S811	0.2916
AGID00164	1138	21390002	Old	RBM15	-0.43976
AGID00547	735	3221	Old	RET_pY905	NA
AGID00097	847	MAB3426	Set163	Rheb	0.03390438
AGID00159	1129	2114	Old	RICTOR	-0.23764
AGID00160	1130	3806	Old	RICTOR_pT1135	-0.17004
AGID00282	1624	4926	Set163	RIP	0.03863943
AGID00283	1625	13526	Set163	RIP3	0.03120373
AGID00416	1368	2208	Set163	RPA32	0.3331694
AGID00246	1375	A300-245A	Set163	RPA32_pS4_S8	-0.06186663
AGID00341	1978	3388	Set163	RRM1	-0.07695074
AGID00344	1981	PA5-27856	Set163	RRM2	-0.3806422
AGID00554	2425	8408	Set163	RSK1	0.4370466
AGID00353	2031	13018	Set163	S100A4	-0.05289053
AGID00330	1874	2317	Old	S6	-0.64793
AGID00062	600	2211	Old	S6_pS235S236	-0.9871
AGID00063	601	2215	Old	S6_pS240S244	-0.92032
AGID00157	1127	sc-58420	Old	SCD1	-0.24951
AGID00230	1339	11998	Set163	SDHA	-0.04405553
AGID00294	1039	ab69836	Old	SETD2	-0.18208
AGID00161	1131	32-4500	Old	SF2	-0.28729
AGID02179	2495	3534	Set163	SFRP1	-0.1403616
AGID00431	2411	12103	Set163	SGK1	0.03314374
AGID00430	2409	8156	Set163	SGK3	0.1984194
AGID02168	2476	bs-3413R	Old	SHC_pY317	0.20066
AGID00376	2241	3397	Set163	SHP2	0.03152422
AGID00183	1180	3751	Old	SHP2_pY542	0.25403
AGID02208	2570	ab8120	Set163	SIRP-alpha	0.1101588
AGID00222	1133	sc-99002	Old	SLC1A5	NA
AGID00255	1411	sc-136891	Set163	Slfn11	-0.5994056
AGID00064	610	2954	Old	SMAC	-0.35416
AGID00113	922	1649-1/ab33902	Old	SMAD1	0.033861
AGID00091	796	1735-1/ab40854	Old	SMAD3	-0.59533
AGID02160	2467	46535	Old	SMAD4	-0.12396
AGID00065	616	3895	Old	SNAIL	-0.19645
AGID00325	1818	4266	Set163	SOD1	0.01522299
AGID00380	1328	13141	Set163	SOD2	0.1387592
AGID00298	1670	2748	Set163	Sox2	-0.1977057
AGID00066	621	05-184	Old	SRC	-0.2352
AGID02157	2463	6943	Old	SRC_pY416	-0.0086292
AGID00068	626	2105	Old	SRC_pY527	0.31388
AGID00185	1197	4904	Set163	Stat3	0.1066313
AGID00388	637	9131	Old	STAT3_pY705	0.36873
AGID00069	638	1289-1/ab32043	Old	STAT5ALPHA	-0.096326
AGID00077	718	1972-1/ab52630	Old	STATHMIN	-0.10792
AGID00357	2099	13647	Set163	STING	-0.3486205
AGID00128	1033	sc-1240	Old	SYK	0.28113
AGID00070	646	05-348	Set163	Tau	-0.2235406
AGID00327	777	2149	Old	TAZ	-0.18524
AGID00228	1333	7495	Set163	TFAM	-0.2112819
AGID00165	1140	22500002	Old	TFRC	-0.64183
AGID00149	1107	S1711/ab137573	Old	TIGAR	-0.2844
AGID00109	908	MS-224-P1	Old	TRANSGLUTAMINASE	-0.71145
AGID00406	2370	612344	Set163	TRAP1	-0.01149553
AGID00559	2537	PA5-34561	Set163	TRIM24	-0.07425277
AGID00306	1756	ab167154	Set163	TRIM25	-0.2134212
AGID00426	2400	PA5-52193	Set163	TRIP13	0.2992495
AGID00155	1125	4906	Old	TSC1	-0.13866
AGID00144	1081	2044-1/ab76013	Old	TTF1	NA
AGID00071	670	1613-1/ab32554	Old	TUBERIN	0.072093
AGID02194	2511	ab109403	Old	TUBERIN_pT1462	-0.14133
AGID00417	1842	ab173300	Set163	TUFM	-0.1674656
AGID00238	1353	sc-81417	Set163	Twist	0.03491447
AGID00436	1080	5585	Set163	Tyro3	-0.2060761
AGID00295	1662	5546	Set163	U-Histone-H2B	0.0563593
AGID00214	1270	HPA005651	Set163	UBAC1	-0.02410066
AGID00351	2020	sc-136145	Set163	UBQLN4	-0.03107554
AGID00213	1267	sc-271268	Set163	UGT1A	-0.05869053
AGID00284	1626	6888	Set163	ULK1_pS757	-0.008313436
AGID00208	1256	MS304/ab14745	Set163	UQCRC2	-0.2756056
AGID00313	1781	13115	Set163	UVRAG	0.09824447
AGID00073	678	3112	Set163	VASP	-0.03789589
AGID00184	1181	2502	Set163	VAV1	-0.09869142
AGID00074	688	2479	Old	VEGFR2	0.75192
AGID00421	2394	68547	Set163	VHL	-0.03599553
AGID00231	1343	SAB4200080	Set163	Vinculin	0.2289341
AGID00317	1802	4936	Set163	Wee1	0.4817183
AGID00354	2058	4910	Set163	Wee1_pS642	0.2023042
AGID00285	1627	12124	Set163	WIPI1	0.6405845
AGID00286	1628	8567	Set163	WIPI2	-0.04129052
AGID02214	2576	ab195380	Set163	WTAP	0.02080377
AGID00133	1044	sc-32136	Old	XBP1	-0.22484
AGID00076	699	2042	Set163	XIAP	0.2554339
AGID00241	1359	sc-56813	Set163	XPA	0.01564948
AGID00349	1354	ab3299	Set163	XPF	-0.1884982
AGID02137	2440	PA5-29359	Old	XRCC1	0.099685
AGID00088	780	sc-15407	Old	YAP	-0.20796
AGID00089	782	4911	Old	YAP_pS127	-0.091886
AGID00504	700	17250002	Old	YB1	-0.23627
AGID00095	835	2900	Old	YB1_pS102	-0.28587
AGID02217	2579	ab220163	Set163	YTHDF2	0.02073945
AGID02210	2572	ab220161	Set163	YTHDF3	-0.4350156
AGID00326	1828	2705	Set163	ZAP-70	0.03745731
AGID00432	2244	sc-25388	Set163	ZEB1	0.1789927
